<?xml version="1.0" encoding="UTF-8"?>
<Configuration xmlns="http://logging.apache.org/log4j/2.0/config">

    <Appenders>
        <Console name="STDOUT" target="SYSTEM_OUT">
            <PatternLayout pattern="%style{%date{DEFAULT}}{yellow}
                %highlight{%-5level}{FATAL=bg_red, ERROR=red, WARN=yellow, INFO=green}
                %message%n"/>
        </Console>
        <File name="FILE" fileName="redenergyapp.log" append="true">
            <PatternLayout pattern="%-5p | %d{yyyy-MM-dd HH:mm:ss} | [%t] %C{2} (%F:%L) - %m%n"/>
        </File>
    </Appenders>

    <Loggers>
        <Logger name="com.re.simplenem12" level="debug"/>

        <Root level="ERROR">
            <AppenderRef ref="STDOUT"/>
            <AppenderRef ref="FILE"/>
        </Root>

        <Logger name="com.re.simplenem12" level="INFO">
            <AppenderRef ref="STDOUT"/>
        </Logger>
    </Loggers>

</Configuration>